
------ INSERTS

INSERT INTO MEDIDA (COD_MEDIDA, DESCRICAO) VALUES ('1', 'medida 1');
INSERT INTO MEDIDA (COD_MEDIDA, DESCRICAO) VALUES ('2', 'medida 2');
INSERT INTO MEDIDA (COD_MEDIDA, DESCRICAO) VALUES ('3', 'medida 3');

INSERT INTO CLIENTE (ID_CLIENTE, NOME, MORADA, CONTRIBUINTE) 
  VALUES ('100', 'cliente 1', 'morada 1', '111111111');
INSERT INTO CLIENTE (ID_CLIENTE, NOME, MORADA, CONTRIBUINTE) 
  VALUES ('101', 'cliente 2', 'morada 2', '222222222');
INSERT INTO CLIENTE (ID_CLIENTE, NOME, MORADA, CONTRIBUINTE) VALUES 
  ('102', 'cliente 3', 'morada 3', '333333333');
INSERT INTO CLIENTE (ID_CLIENTE, NOME, MORADA, CONTRIBUINTE) VALUES 
  ('103', 'cliente 4', 'morada 4', '444444444');

INSERT INTO FORNECEDOR (COD_FORNECEDOR, NOME) VALUES ('10', 'fornecedor 1');
INSERT INTO FORNECEDOR (COD_FORNECEDOR, NOME) VALUES ('11', 'fornecedor 2');
INSERT INTO FORNECEDOR (COD_FORNECEDOR, NOME) VALUES ('12', 'fornecedor 3');

INSERT INTO ARTIGO (COD_ARTIGO, DESCRICAO, COD_FORNECEDOR, COD_MEDIDA, STOCK, PRECO, TAXA_IVA) 
  VALUES ('1000', 'artigo 1', '10', '1', '500', '10,00', '0,23');
INSERT INTO ARTIGO (COD_ARTIGO, DESCRICAO, COD_FORNECEDOR, COD_MEDIDA, STOCK, PRECO, TAXA_IVA) 
  VALUES ('1001', 'artigo 2', '11', '2', '1000', '20,00', '0,13');
INSERT INTO ARTIGO (COD_ARTIGO, DESCRICAO, COD_FORNECEDOR, COD_MEDIDA, STOCK, PRECO, TAXA_IVA) 
  VALUES ('1002', 'artigo 3', '12', '3', '100', '30,00', '0,06');

INSERT INTO ENCOMENDA (ID_ENCOMENDA, ID_CLIENTE, DATA_ENC, FACTURADA) 
  VALUES ('1000', '100', sysdate, '0');
INSERT INTO ENCOMENDA (ID_ENCOMENDA, ID_CLIENTE, DATA_ENC, FACTURADA) 
  VALUES ('2000', '101', sysdate, '0');
INSERT INTO ENCOMENDA (ID_ENCOMENDA, ID_CLIENTE, DATA_ENC, FACTURADA) 
  VALUES ('3000', '102', sysdate, '0');
INSERT INTO ENCOMENDA (ID_ENCOMENDA, ID_CLIENTE, DATA_ENC, FACTURADA) 
  VALUES ('4000', '100', sysdate, '0');
INSERT INTO ENCOMENDA (ID_ENCOMENDA, ID_CLIENTE, DATA_ENC, FACTURADA) 
  VALUES ('5000', '103', sysdate, '0');
INSERT INTO ENCOMENDA (ID_ENCOMENDA, ID_CLIENTE, DATA_ENC, FACTURADA) 
  VALUES ('6000', '103', sysdate, '0');

INSERT INTO ENCOMENDA_ARTIGO (ID_ENCOMENDA, COD_ARTIGO, QUANTIDADE) 
  VALUES ('1000', '1000', '10');
INSERT INTO ENCOMENDA_ARTIGO (ID_ENCOMENDA, COD_ARTIGO, QUANTIDADE) 
  VALUES ('1000', '1001', '5');
INSERT INTO ENCOMENDA_ARTIGO (ID_ENCOMENDA, COD_ARTIGO, QUANTIDADE) 
  VALUES ('1000', '1002', '3');
INSERT INTO ENCOMENDA_ARTIGO (ID_ENCOMENDA, COD_ARTIGO, QUANTIDADE) 
  VALUES ('2000', '1000', '100');
INSERT INTO ENCOMENDA_ARTIGO (ID_ENCOMENDA, COD_ARTIGO, QUANTIDADE) 
  VALUES ('2000', '1001', '50');
INSERT INTO ENCOMENDA_ARTIGO (ID_ENCOMENDA, COD_ARTIGO, QUANTIDADE) 
  VALUES ('3000', '1000', '200');
INSERT INTO ENCOMENDA_ARTIGO (ID_ENCOMENDA, COD_ARTIGO, QUANTIDADE) 
  VALUES ('5000', '1000', '1000');
INSERT INTO ENCOMENDA_ARTIGO (ID_ENCOMENDA, COD_ARTIGO, QUANTIDADE) 
  VALUES ('6000', '1002', '100');

